website,loc,lastmod,cured_name
GuyInACube,https://www.youtube.com/watch?v=pozbeRMNCJo,2024 02 24,"REPLAY Microsoft Fabric / Power BI Q&amp;A - LIVE (Feb 24, 2024)"
GuyInACube,https://www.youtube.com/watch?v=SyRDll6OvX0,2024 02 21,Creating your first EVENTSTREAM in Microsoft Fabric
GuyInACube,https://www.youtube.com/watch?v=jouBo0AzbvQ,2023 12 13,Exploring Custom Spark Pools in Microsoft Fabric Lakehouses
GuyInACube,https://www.youtube.com/watch?v=K2WdIdfpIic,2023 11 30,Let&#39;s look at using some PySpark in your first Microsoft Fabric Notebook
GuyInACube,https://www.youtube.com/watch?v=AyYDLTvoXNk,2023 11 15,Leverage OneLake with Azure Databricks
GuyInACube,https://www.youtube.com/watch?v=Ite05gBQA9Q,2023 10 14,"REPLAY Microsoft Fabric / Power BI Q&amp;A - LIVE (Oct 14, 2023)"
GuyInACube,https://www.youtube.com/watch?v=03Tf1tKNzfY,2023 09 29,The secret whereabouts of Adam &amp; Patrick revealed!
GuyInACube,https://www.youtube.com/watch?v=UU51e--zq9c,2023 09 21,Editing your Direct Lake Datasets from Tabular Editor? Yes please!
GuyInACube,https://www.youtube.com/watch?v=StIBBb69wDw,2023 09 05,Creating your first Data Warehouse in Microsoft Fabric
GuyInACube,https://www.youtube.com/watch?v=QV6b8CKNhzU,2023 08 17,Using Figma to wireframe your Power BI reports
GuyInACube,https://www.youtube.com/watch?v=RaHAoZD2mZE,2023 06 29,Create MEANINGFUL data labels with measures in Power BI
GuyInACube,https://www.youtube.com/watch?v=ilTeVH2Cwck,2023 06 28,Can you use Power Query Dynamic M Parameters for multi-select?
GuyInACube,https://www.youtube.com/watch?v=DB8zujLjzVo,2023 06 27,SQL Server in Microsoft Fabric? Use CETaS to move data!
GuyInACube,https://www.youtube.com/watch?v=WWvs0Z4zTGw,2023 06 24,"REPLAY Microsoft Fabric/Power BI Q&amp;A - LIVE (June 24, 2023)"
GuyInACube,https://www.youtube.com/watch?v=N11LneTF8-4,2023 06 22,Digging into DYNAMIC format strings for DAX Measures in Power BI
GuyInACube,https://www.youtube.com/watch?v=LDZL0gyHQbs,2023 06 21,Get the most as a Data Scientist with Microsoft Fabric (Public Preview)
GuyInACube,https://www.youtube.com/watch?v=_-rxBAtFFOA,2023 06 20,"Your data is in the Lakehouse, but now what? | Microsoft Fabric (Public Preview)"
GuyInACube,https://www.youtube.com/watch?v=piv6I5ohH6k,2023 06 17,"REPLAY Microsoft Fabric/Power BI Q&amp;A - LIVE (June 17, 2023)"
GuyInACube,https://www.youtube.com/watch?v=fvuL8Nk_gxU,2023 06 15,What does Microsoft Fabric mean for Power BI?
GuyInACube,https://www.youtube.com/watch?v=Q8NfZCFKCmw,2023 06 14,Understanding the TIMELINE in DAX Studio
GuyInACube,https://www.youtube.com/watch?v=SFta1_70T_U,2023 06 13,Create your FIRST Lakehouse in Microsoft Fabric
GuyInACube,https://www.youtube.com/watch?v=hUfdMc0GW8s,2023 06 10,"REPLAY Let&#39;s talk Microsoft Fabric - LIVE w/ Amir Netz (June 10, 2023)"
GuyInACube,https://www.youtube.com/watch?v=6AAeV3bSMso,2023 06 08,Understanding Microsoft Fabric Licensing and Cost (Public Preview)
GuyInACube,https://www.youtube.com/watch?v=2bGb0QCLebw,2023 06 07,Use your browser to edit your Power BI dataset within Microsoft Fabric
GuyInACube,https://www.youtube.com/watch?v=wEcRTSNhtLg,2023 06 06,Understanding OneLake within Microsoft Fabric
GuyInACube,https://www.youtube.com/watch?v=VdwsJ-Ix-oc,2023 06 01,Leverage the Microsoft Fabric Trial
GuyInACube,https://www.youtube.com/watch?v=zG2yyJzMooM,2023 05 31,Why can&#39;t I use Microsoft Fabric?
GuyInACube,https://www.youtube.com/watch?v=-f0XIVEP7bE,2023 05 30,What is Microsoft Fabric (Public Preview)?
GuyInACube,https://www.youtube.com/watch?v=5pg9MlQy9cE,2023 05 27,"REPLAY Let&#39;s talk Microsoft Fabric - LIVE w/ Matthew Roche (May 27, 2023)"
GuyInACube,https://www.youtube.com/watch?v=wdDx0-jvl7w,2023 05 25,Microsoft Fabric Launch Digital Event (Day 2)
GuyInACube,https://www.youtube.com/watch?v=nHc0H1B6qZI,2023 11 04,"REPLAY Microsoft Fabric / Power BI Q&amp;A - LIVE (Nov 4, 2023)"
GuyInACube,https://www.youtube.com/watch?v=v6IOuysQGRA,2023 11 02,Unleash the Potential of Data Activator in Microsoft Fabric
GuyInACube,https://www.youtube.com/watch?v=lY7aQpxnIJE,2023 11 01,Why On-Object Editing in Power BI???
GuyInACube,https://www.youtube.com/watch?v=XwRcaNLWpYg,2023 10 28,"REPLAY Microsoft Fabric / Power BI Q&amp;A w/ Marco Russo LIVE (October 28, 2023)"
GuyInACube,https://www.youtube.com/watch?v=QzG7DFaAYng,2023 10 26,The Secret to Data-Driven Dynamic Subscriptions in Paginated Reports
GuyInACube,https://www.youtube.com/watch?v=776uk-i0PWU,2023 10 25,Mind-Blowing Power BI Update: Model View enhancements!
GuyInACube,https://www.youtube.com/watch?v=zMiRGZsfQgs,2023 10 19,Finish the Puzzle: Querying Power BI Semantic Models with Semantic Link!
GuyInACube,https://www.youtube.com/watch?v=hFfi3O_Isn4,2023 10 17,Escape the Ordinary with a Low Code Lakehouse in Microsoft Fabric
GuyInACube,https://www.youtube.com/watch?v=Ite05gBQA9Q,2023 10 14,"REPLAY Microsoft Fabric / Power BI Q&amp;A - LIVE (Oct 14, 2023)"
GuyInACube,https://www.youtube.com/watch?v=W7Ab1PIAwGk,2023 10 04,Discover the Untapped Settings in Power BI Desktop
GuyInACube,https://www.youtube.com/watch?v=03Tf1tKNzfY,2023 09 29,The secret whereabouts of Adam &amp; Patrick revealed!
GuyInACube,https://www.youtube.com/watch?v=Ww7pqhajkbY,2023 09 27,Mastering Power BI Desktop: A Deep Dive into the Pane Switcher
GuyInACube,https://www.youtube.com/watch?v=UU51e--zq9c,2023 09 21,Editing your Direct Lake Datasets from Tabular Editor? Yes please!
GuyInACube,https://www.youtube.com/watch?v=ECmhdB5Rdzo,2023 09 20,Using Microsoft Fabric Workspaces (Power BI and more!)
GuyInACube,https://www.youtube.com/watch?v=s1W3UY3v7rc,2023 09 06,Landing data with Dataflows Gen2 in Microsoft Fabric
GuyInACube,https://www.youtube.com/watch?v=StIBBb69wDw,2023 09 05,Creating your first Data Warehouse in Microsoft Fabric
GuyInACube,https://www.youtube.com/watch?v=GLNqNuON3Fc,2023 09 02,"REPLAY Microsoft Fabric/Power BI Q&amp;A - LIVE (Sept 2, 2023)"
GuyInACube,https://www.youtube.com/watch?v=1yYYY_yqqZE,2023 08 30,Wait! We can use Databricks data with Microsoft Fabric???
GuyInACube,https://www.youtube.com/watch?v=biISm1ZjouA,2023 08 29,The POWER of shortcuts in Microsoft Fabric
GuyInACube,https://www.youtube.com/watch?v=JDFhipHmxMA,2023 08 25,Join us at PASS Data Community Summit 2023
GuyInACube,https://www.youtube.com/watch?v=IZDacEcbfog,2023 08 23,Get your measures organized in Power BI
GuyInACube,https://www.youtube.com/watch?v=LZ9nKK0PPe0,2023 08 22,Get and use Python Libraries within Microsoft Fabric
GuyInACube,https://www.youtube.com/watch?v=AWiN_XxvNWY,2023 08 19,"REPLAY Let&#39;s talk Microsoft Fabric - LIVE w/ Matthew Roche (Aug 19, 2023)"
GuyInACube,https://www.youtube.com/watch?v=G_v1DyZoP_s,2023 08 18,Saying goodbye...
GuyInACube,https://www.youtube.com/watch?v=QV6b8CKNhzU,2023 08 17,Using Figma to wireframe your Power BI reports
GuyInACube,https://www.youtube.com/watch?v=k7pZzwgXW-g,2023 08 16,Enabling Power BI Paginated Report Drill!
GuyInACube,https://www.youtube.com/watch?v=Ge0VWZMa50I,2023 08 15,Is Data Wrangler the Power Query of Python?
GuyInACube,https://www.youtube.com/watch?v=JNfQJe-ruxM,2023 08 12,"REPLAY We&#39;re back! Let&#39;s answer your Microsoft Fabric and Power BI questions... (August 12, 2023)"
GuyInACube,https://www.youtube.com/watch?v=ZrsrLEY_Gf8,2023 07 12,The MAGIC of Power BI in PowerPoint!
GuyInACube,https://www.youtube.com/watch?v=4NbuG1JBq60,2023 07 11,Leveraging OneLake Explorer - The OneDrive of Data! (Microsoft Fabric)
GuyInACube,https://www.youtube.com/watch?v=RaHAoZD2mZE,2023 06 29,Create MEANINGFUL data labels with measures in Power BI
GuyInACube,https://www.youtube.com/watch?v=ilTeVH2Cwck,2023 06 28,Can you use Power Query Dynamic M Parameters for multi-select?
GuyInACube,https://www.youtube.com/watch?v=DB8zujLjzVo,2023 06 27,SQL Server in Microsoft Fabric? Use CETaS to move data!
GuyInACube,https://www.youtube.com/watch?v=WWvs0Z4zTGw,2023 06 24,"REPLAY Microsoft Fabric/Power BI Q&amp;A - LIVE (June 24, 2023)"
GuyInACube,https://www.youtube.com/watch?v=N11LneTF8-4,2023 06 22,Digging into DYNAMIC format strings for DAX Measures in Power BI
GuyInACube,https://www.youtube.com/watch?v=LDZL0gyHQbs,2023 06 21,Get the most as a Data Scientist with Microsoft Fabric (Public Preview)
GuyInACube,https://www.youtube.com/watch?v=_-rxBAtFFOA,2023 06 20,"Your data is in the Lakehouse, but now what? | Microsoft Fabric (Public Preview)"
GuyInACube,https://www.youtube.com/watch?v=piv6I5ohH6k,2023 06 17,"REPLAY Microsoft Fabric/Power BI Q&amp;A - LIVE (June 17, 2023)"
GuyInACube,https://www.youtube.com/watch?v=fvuL8Nk_gxU,2023 06 15,What does Microsoft Fabric mean for Power BI?
GuyInACube,https://www.youtube.com/watch?v=Q8NfZCFKCmw,2023 06 14,Understanding the TIMELINE in DAX Studio
GuyInACube,https://www.youtube.com/watch?v=SFta1_70T_U,2023 06 13,Create your FIRST Lakehouse in Microsoft Fabric
GuyInACube,https://www.youtube.com/watch?v=hUfdMc0GW8s,2023 06 10,"REPLAY Let&#39;s talk Microsoft Fabric - LIVE w/ Amir Netz (June 10, 2023)"
GuyInACube,https://www.youtube.com/watch?v=6AAeV3bSMso,2023 06 08,Understanding Microsoft Fabric Licensing and Cost (Public Preview)
GuyInACube,https://www.youtube.com/watch?v=2bGb0QCLebw,2023 06 07,Use your browser to edit your Power BI dataset within Microsoft Fabric
GuyInACube,https://www.youtube.com/watch?v=wEcRTSNhtLg,2023 06 06,Understanding OneLake within Microsoft Fabric
GuyInACube,https://www.youtube.com/watch?v=VdwsJ-Ix-oc,2023 06 01,Leverage the Microsoft Fabric Trial
GuyInACube,https://www.youtube.com/watch?v=zG2yyJzMooM,2023 05 31,Why can&#39;t I use Microsoft Fabric?
GuyInACube,https://www.youtube.com/watch?v=-f0XIVEP7bE,2023 05 30,What is Microsoft Fabric (Public Preview)?
GuyInACube,https://www.youtube.com/watch?v=5pg9MlQy9cE,2023 05 27,"REPLAY Let&#39;s talk Microsoft Fabric - LIVE w/ Matthew Roche (May 27, 2023)"
GuyInACube,https://www.youtube.com/watch?v=wdDx0-jvl7w,2023 05 25,Microsoft Fabric Launch Digital Event (Day 2)
GuyInACube,https://www.youtube.com/watch?v=6QusOchmSXQ,2023 05 25,What does Microsoft Fabric mean for Guy in a Cube?
GuyInACube,https://www.youtube.com/watch?v=tMx3rhl43b4,2023 05 24,REPLAY Microsoft Fabric Discussion - May 2023 Social Hour
GuyInACube,https://www.youtube.com/watch?v=5jlP0wdEsls,2023 05 24,Microsoft Fabric Launch Digital Event (Day 1)
GuyInACube,https://www.youtube.com/watch?v=TprbclJaSJU,2023 05 22,Don’t miss out of Microsoft Build! #powerbi
GuyInACube,https://www.youtube.com/watch?v=nY54EX6_vd0,2023 05 20,"REPLAY Power BI tips from the Pros - LIVE (May 20, 2023)"
GuyInACube,https://www.youtube.com/watch?v=pM7LUBfkpDs,2023 05 18,What does Tooltip Auto-scale actually do in your Power BI Report?
GuyInACube,https://www.youtube.com/watch?v=eYxRHJ0hB_E,2023 05 17,Enabling Drillthrough with Power BI On-Object Editing
GuyInACube,https://www.youtube.com/watch?v=m2lYsQ9t-5k,2023 05 16,Are you using your licenses correct? See where Azure Hybrid Benefits can help!
GuyInACube,https://www.youtube.com/watch?v=pKkav_W-jiQ,2023 05 11,Want a BEAUTIFUL Power BI Report? Start here!
GuyInACube,https://www.youtube.com/watch?v=8vGwBedcXQA,2023 05 10,Why is there a limited relationship when using the same data source?
GuyInACube,https://www.youtube.com/watch?v=AbiYgh9RD2U,2023 05 09,Controlling cost with Azure Synapse Serverless Pools
GuyInACube,https://www.youtube.com/watch?v=N2WLzB8GOlk,2023 05 06,"REPLAY Power BI tips from the Pros - LIVE (May 6, 2023)"
GuyInACube,https://www.youtube.com/watch?v=ZKodkcOb3WI,2023 05 04,The HEART of Power BI
GuyInACube,https://www.youtube.com/watch?v=WyvfZMaXLBs,2023 05 03,RLS in the source? How does this work with DirectQuery and Import in Power BI?
GuyInACube,https://www.youtube.com/watch?v=uXes0AEQJps,2023 05 02,How to SCHEDULE your notebooks to run with Azure Synapse
GuyInACube,https://www.youtube.com/watch?v=K6DpOJM6b7E,2023 04 20,ChatGPT blew my mind with this Power BI scenario
GuyInACube,https://www.youtube.com/watch?v=xL6DvHYjBVs,2023 04 19,3 tips for the new On-Object editing of a Power BI visual
GuyInACube,https://www.youtube.com/watch?v=ldTeS-yxpSE,2023 04 18,Loop through a list using pySpark for your Azure Synapse Pipelines
GuyInACube,https://www.youtube.com/watch?v=YkNgmVdTD8E,2023 04 15,"REPLAY Power BI tips from the Pros - LIVE (April 15, 2023)"
GuyInACube,https://www.youtube.com/watch?v=7riWWVMMegE,2023 04 12,How to easily compare Server Timings using DAX Studio for your Power BI dataset
GuyInACube,https://www.youtube.com/watch?v=Ks4ekJeKjZY,2023 04 11,Use Azure SQL Managed Instance Link to have a Read Replica in the cloud!
GuyInACube,https://www.youtube.com/watch?v=iaekrjvr3Xk,2023 04 08,"REPLAY Power BI tips from the Pros - LIVE (April 8, 2023)"
GuyInACube,https://www.youtube.com/watch?v=H6sLCVanIYE,2023 04 06,Where are the Power BI Gateway logs? I thought I knew...
GuyInACube,https://www.youtube.com/watch?v=Hpx52kOodPc,2023 04 05,Setup a Reverse Hybrid Table without using Tabular Editor for Power BI!
GuyInACube,https://www.youtube.com/watch?v=k280CpPKJgc,2023 04 04,Convert CSV to Parquet using pySpark in Azure Synapse Analytics
GuyInACube,https://www.youtube.com/watch?v=gnTaUbIMfyM,2023 04 01,"REPLAY Power BI tips from the Pros - LIVE (April 1, 2023)"
GuyInACube,https://www.youtube.com/watch?v=X_1tBbPwBMg,2023 03 29,Switch a Power BI Report&#39;s dataset without needing Premium!
GuyInACube,https://www.youtube.com/watch?v=heY92V11knc,2023 03 25,REPLAY Power BI Adoption and More Q&amp;A with Melissa Coates and Matthew Roche!
GuyInACube,https://www.youtube.com/watch?v=twgsMDuwOuo,2023 03 23,Visually see where you BROKE the fold in Power Query
GuyInACube,https://www.youtube.com/watch?v=fh8HpSNNP30,2023 03 22,Checking out the new Power BI RLS Editor
GuyInACube,https://www.youtube.com/watch?v=yvV6z6OInEI,2023 03 21,What&#39;s a Junk Dimension and when should you use it?
GuyInACube,https://www.youtube.com/watch?v=zJopprZC-bE,2023 03 16,How do THIN reports work with Power BI Deployment Pipelines?
GuyInACube,https://www.youtube.com/watch?v=k-4Oud9jkuw,2023 03 09,Dataset permissions required for App report in Power BI? What am I missing??? (Re-Upload)
GuyInACube,https://www.youtube.com/watch?v=YOWxvT5XLoc,2023 03 08,The POWER of Microsoft Lists and Power BI
GuyInACube,https://www.youtube.com/watch?v=9SprbLQpW8I,2023 03 07,Start Learning T-SQL for Azure Database and Azure Synapse
GuyInACube,https://www.youtube.com/watch?v=leT_dkXwE1c,2023 03 02,The MAGIC of Microsoft Teams + Power BI
GuyInACube,https://www.youtube.com/watch?v=w_rSlWELBNk,2023 03 01,Getting Crazy with the Power Query UI
GuyInACube,https://www.youtube.com/watch?v=Pdbc_Q7pnD8,2023 02 23,Different ways to work with Microsoft Excel in Power BI (2023)
GuyInACube,https://www.youtube.com/watch?v=6RzC1P_1Elg,2023 02 22,How to get a CLOCK in your Power BI Report
GuyInACube,https://www.youtube.com/watch?v=KrsNwegpqlk,2023 02 21,Checking out the Window Clause in Azure SQL and SQL Server 2022
GuyInACube,https://www.youtube.com/watch?v=zI4MV2vNVxY,2023 02 18,"REPLAY Power BI tips from the Pros - LIVE (Feb 18, 2023)"
GuyInACube,https://www.youtube.com/watch?v=58rLq8MF2mc,2023 02 15,Publish/Migrate your RDL files from Power BI Report Server to the service
GuyInACube,https://www.youtube.com/watch?v=6KG-LogdI9g,2023 02 14,Provide data lake access with Azure Synapse Analytics
GuyInACube,https://www.youtube.com/watch?v=XPuGOZdxX5s,2023 02 11,"REPLAY Power BI tips from the Pros - LIVE (Feb 11, 2023)"
GuyInACube,https://www.youtube.com/watch?v=cqqyAy5Cemc,2023 02 10,An Ode to a Pie Chart by ChatGPT
GuyInACube,https://www.youtube.com/watch?v=wd2c1sjTENQ,2023 02 09,Guy in a Cube answers the web&#39;s most searched questions on Power BI
GuyInACube,https://www.youtube.com/watch?v=WXpxNpnE3D4,2023 02 08,Time to look at the new INDEX function in DAX and Power BI
GuyInACube,https://www.youtube.com/watch?v=ZKvpiOnwAK4,2023 02 07,Continuing the T-SQL journey with OVER and RANK
GuyInACube,https://www.youtube.com/watch?v=i27vHCVsHp4,2023 02 04,"REPLAY Power BI tips from the Pros - LIVE (Feb 4, 2023)"
GuyInACube,https://www.youtube.com/watch?v=3SKSBRFMIoM,2023 02 02,Let&#39;s see if ChatGPT knows what&#39;s coming next for Power BI...
GuyInACube,https://www.youtube.com/watch?v=-KXDpi_wyD4,2023 02 01,Calling a Stored Procedure using Incremental Refresh in Power BI? We think so!
GuyInACube,https://www.youtube.com/watch?v=ayV1r2vFYnI,2023 01 31,Ready to be a Kusto Detective with Azure Data Explorer?
GuyInACube,https://www.youtube.com/watch?v=vT83hHmX-VM,2023 01 28,"REPLAY Power BI tips from the Pros - LIVE (Jan 28, 2023)"
GuyInACube,https://www.youtube.com/watch?v=WQGS48ZcdbE,2023 01 26,What do you want to see from Guy in a Cube? - Channel Update
GuyInACube,https://www.youtube.com/watch?v=nMSuWbKUvAY,2023 01 25,What happens when you miss a refresh day with Power BI Incremental Refresh?
GuyInACube,https://www.youtube.com/watch?v=WgH2Wg_EUNg,2023 01 24,What the French Toast is a Slowly Changing Dimension???
GuyInACube,https://www.youtube.com/watch?v=GzblE9HjouE,2023 01 21,"REPLAY Power BI tips from the Pros - LIVE (Jan 21, 2023)"
GuyInACube,https://www.youtube.com/watch?v=_ggNrxUcCS8,2023 01 18,Allow users to Show and Hide columns in a Power BI Paginated report!
GuyInACube,https://www.youtube.com/watch?v=PsuxE6xExOw,2023 01 17,What is a Common Table Expression (CTE) and how do you use them?
GuyInACube,https://www.youtube.com/watch?v=a-iA6EG9CzQ,2023 01 07,"REPLAY Starting 2023 w/ Marco Russo LIVE (Jan 7, 2023)"
GuyInACube,https://www.youtube.com/watch?v=dlZoy8pQWSU,2023 01 05,"Wait! Using a Power BI Date slicer, what are my dates when using between?"
GuyInACube,https://www.youtube.com/watch?v=_1QGTmtGcP8,2023 01 04,How to handle Aggregation tables with Averages in Power BI
GuyInACube,https://www.youtube.com/watch?v=XkjJo7J8CyQ,2023 01 03,To Surrogate Key or Not...
GuyInACube,https://www.youtube.com/watch?v=ey4ZVKWGZfc,2022 12 17,"REPLAY Power BI tips from the Pros - LIVE (Dec 17, 2022) - Charity Stream"
GuyInACube,https://www.youtube.com/watch?v=-xl-uhgzgEA,2022 12 15,Build a Slicer Panel in Power BI (2022/2023)
GuyInACube,https://www.youtube.com/watch?v=t3Zsdbr-_So,2022 12 14,A Power Query tip for you
GuyInACube,https://www.youtube.com/watch?v=_VxIYKCmrv0,2022 12 13,20221213   Profile with Azure Data Studio
GuyInACube,https://www.youtube.com/watch?v=_n4kG9qpfIs,2022 12 07,Can you make a two-line dynamic title in Power BI?
GuyInACube,https://www.youtube.com/watch?v=Rp7aM42NkMc,2022 12 06,Can you use SQL Auth with Azure Synapse Serverless?
GuyInACube,https://www.youtube.com/watch?v=h-iXZqhD53Y,2022 12 01,Manage Custom Visual purchases for Power BI
GuyInACube,https://www.youtube.com/watch?v=ye4WIJDfdpY,2022 11 30,Can you do Page-Level Security in Power BI?
GuyInACube,https://www.youtube.com/watch?v=GiZKPAAOUuQ,2022 11 29,Azure Synapse Serverless vs Dedicated SQL Pool
GuyInACube,https://www.youtube.com/watch?v=69PY3YzygNk,2022 11 22,Exploring Microsoft Purview for data governance
GuyInACube,https://www.youtube.com/watch?v=WPaCin49eq4,2022 11 16,Writing some DAX while looking at Relationships
GuyInACube,https://www.youtube.com/watch?v=Gw1KqZbDky0,2022 11 12,"REPLAY Power BI tips from the Pros - LIVE w/ Matthew Roche (Nov 12, 2022)"
GuyInACube,https://www.youtube.com/watch?v=amntImKVzic,2022 11 09,Add a measure without Power BI Desktop (Premium)
GuyInACube,https://www.youtube.com/watch?v=OQ8VRRQA4VA,2022 11 08,Have you seen the SQL Admin Pack for Azure Data Studio?
GuyInACube,https://www.youtube.com/watch?v=h8-EdlHN3oc,2022 11 05,"REPLAY Power BI tips from the Pros - LIVE (Nov 5, 2022)"
GuyInACube,https://www.youtube.com/watch?v=jIFCyQdTvgM,2022 11 03,Bring Power BI and Excel together
GuyInACube,https://www.youtube.com/watch?v=7L4bTbj6fM8,2022 11 02,The PERFECT Power BI dataflows use case
GuyInACube,https://www.youtube.com/watch?v=_fCKsorBnTg,2022 11 01,Explaining what a Lakehouse is!
GuyInACube,https://www.youtube.com/watch?v=d8VATPCiUnY,2022 10 29,"REPLAY Power BI tips from the Pros - LIVE (Oct 29, 2022)"
GuyInACube,https://www.youtube.com/watch?v=sgGRMixvNbk,2022 10 27,Does it matter where your Power BI reports are deployed?
GuyInACube,https://www.youtube.com/watch?v=2S6qVQrmzxE,2022 10 26,Make Q&amp;A more effective in Power BI
GuyInACube,https://www.youtube.com/watch?v=xBhjQqUw_TU,2022 10 20,A better way to share Personal Bookmarks in Power BI
GuyInACube,https://www.youtube.com/watch?v=OY9spncfp6I,2022 10 19,Why isn&#39;t my Agg being hit in Power BI???
GuyInACube,https://www.youtube.com/watch?v=rzfmF9wORcQ,2022 10 18,Parameterize your Notebooks in Azure Synapse
GuyInACube,https://www.youtube.com/watch?v=TRL162AkEVs,2022 10 15,"REPLAY Power BI tips from the Pros - LIVE (Oct 15, 2022)"
GuyInACube,https://www.youtube.com/watch?v=282mfZK6C1E,2022 10 13,Office 365 meet Power BI Desktop
GuyInACube,https://www.youtube.com/watch?v=VExWJ6mXLD4,2022 10 12,Let Power Query write your SQL for you!
GuyInACube,https://www.youtube.com/watch?v=ViIHJRTLJ0Y,2022 10 11,Overcoming a concatenation challenge in Azure Synapse
GuyInACube,https://www.youtube.com/watch?v=N0UYKqMpmnQ,2022 10 06,A Power Query feature you may not know about!
GuyInACube,https://www.youtube.com/watch?v=OAlys79j81Q,2022 10 05,Where do you add that new column in any analytics tool?
GuyInACube,https://www.youtube.com/watch?v=uFk3ZJ7Jm0U,2022 10 04,"Save early, save often in Azure Synapse Studio"
GuyInACube,https://www.youtube.com/watch?v=He8xocxq1II,2022 10 01,"REPLAY Power BI tips from the Pros - LIVE w/ Kasper de Jonge (Oct 1, 2022)"
GuyInACube,https://www.youtube.com/watch?v=BUiUrv1qeXU,2022 09 28,Do you even need to use Power Query Functions?
GuyInACube,https://www.youtube.com/watch?v=6aXO_zOMP1U,2022 09 27,Rounding out the lakehouse with the GOLD layer in Azure Synapse
GuyInACube,https://www.youtube.com/watch?v=wJJ31G98aCM,2022 09 22,Answering your questions about the new App Experience!
GuyInACube,https://www.youtube.com/watch?v=R23CrB8MYBk,2022 09 21,"REPLAY Power Platform Conference LIVE!!! (Sept 21, 2022)"
GuyInACube,https://www.youtube.com/watch?v=cqTa7cj5ZBw,2022 09 21,Storytelling with Power BI and PowerPoint
GuyInACube,https://www.youtube.com/watch?v=OHto3FR5484,2022 09 20,Talking DATA end to end with Buck Woody
GuyInACube,https://www.youtube.com/watch?v=BLqJmp3CIHU,2022 09 17,"REPLAY Power BI tips from the Pros - LIVE (Sept 17, 2022)"
GuyInACube,https://www.youtube.com/watch?v=nchNa44o2D4,2022 09 15,Power BI Apps for multiple audiences has arrived!
GuyInACube,https://www.youtube.com/watch?v=vI7kVVHxsiM,2022 09 14,What&#39;s the real size of your data model in Power BI?
GuyInACube,https://www.youtube.com/watch?v=0qywSdK3qoU,2022 09 08,Are you thinking about your tooltips in Power BI?
GuyInACube,https://www.youtube.com/watch?v=5ZjO1ImFmh4,2022 09 07,Automating your formatted tables in Power BI!
GuyInACube,https://www.youtube.com/watch?v=2nzANkTY4IY,2022 09 03,"REPLAY Visualization Q&amp;A - LIVE w/ Alberto Cairo (Sept 3, 2022)"
GuyInACube,https://www.youtube.com/watch?v=KOeT9Dsk-xo,2022 09 01,Conditional Formatting with Field Parameters in Power BI???
GuyInACube,https://www.youtube.com/watch?v=Q-CFumllLNg,2022 08 31,The Tale of Two Caches
GuyInACube,https://www.youtube.com/watch?v=TGIP4w61Tyc,2022 08 30,Merging your data in a modern lakehouse data warehouse
GuyInACube,https://www.youtube.com/watch?v=M0TMo3QYxkA,2022 08 27,"REPLAY DAX Studio 3 is out! LIVE w/ Marco Russo (Aug 27, 2022)"
GuyInACube,https://www.youtube.com/watch?v=TfXhQG61sPw,2022 08 25,Slicers vs. Slicer Pane vs. Filter Pane! Which is faster?
GuyInACube,https://www.youtube.com/watch?v=5G_xSJy5muo,2022 08 24,Simulate Hierarchies with Field Parameters in Power BI
GuyInACube,https://www.youtube.com/watch?v=3ef985a0Veg,2022 08 23,What is this delta lake thing?
GuyInACube,https://www.youtube.com/watch?v=y7E4eElq9iI,2022 08 20,"REPLAY 100th Power BI Q&amp;A Live Stream!!! (August 20, 2022)"
GuyInACube,https://www.youtube.com/watch?v=dTEmhPbtipc,2022 08 18,Get creative with buttons in Power BI!
GuyInACube,https://www.youtube.com/watch?v=HJgclrgFnls,2022 08 17,Refresh and NO DATA in my Power BI visuals???
GuyInACube,https://www.youtube.com/watch?v=SPOQzcbTgvQ,2022 08 16,Get started with SPARK in Azure Synapse Analytics
GuyInACube,https://www.youtube.com/watch?v=ksmNfa_K8GQ,2022 08 13,"REPLAY Power BI tips from the Pros - LIVE (August 13, 2022)"
GuyInACube,https://www.youtube.com/watch?v=0WfITrMl0hc,2022 08 11,Get feedback from your Power BI report users!
GuyInACube,https://www.youtube.com/watch?v=338Fm-eSbQU,2022 08 10,You thought DAX? Alex shows you Dynamic M-M-Magic!
GuyInACube,https://www.youtube.com/watch?v=mGZ9cZ5fPww,2022 08 09,Top 5 things to get started with Azure Synapse Analytics
GuyInACube,https://www.youtube.com/watch?v=FQCD5rUD6cY,2022 08 06,"REPLAY Power BI Optimization Q&amp;A - LIVE w/ Marco Russo (Aug 5, 2022)"
GuyInACube,https://www.youtube.com/watch?v=ffIgsMS3-8c,2022 08 04,Here&#39;s a BANANAS report design idea!
GuyInACube,https://www.youtube.com/watch?v=QewkwWtJrKg,2022 08 03,What if we could RATE a Power BI report page?
GuyInACube,https://www.youtube.com/watch?v=YgYTQpVnhVM,2022 08 02,Can you be a Data Scientist without actually being a Data Scientist???
GuyInACube,https://www.youtube.com/watch?v=4J4go5juEj0,2022 07 30,"REPLAY Power BI tips from the Pros - LIVE (July 30, 2022)"
GuyInACube,https://www.youtube.com/watch?v=eviMr_f_LQM,2022 07 27,Discovering data within Power BI and quickly EXPORT!
GuyInACube,https://www.youtube.com/watch?v=wDfcX3EPZL0,2022 07 26,FAST - Billions of rows with Azure Data Explorer (ADX)
GuyInACube,https://www.youtube.com/watch?v=tfTrohtZXtc,2022 07 23,"REPLAY Power BI tips from the Pros - LIVE (July 23, 2022)"
GuyInACube,https://www.youtube.com/watch?v=bwbWQL8zjx0,2022 07 21,The most UNDERUSED feature in Power BI???
GuyInACube,https://www.youtube.com/watch?v=-XnYQsLp-TE,2022 07 20,A new approach for dynamic Power BI visuals?
GuyInACube,https://www.youtube.com/watch?v=L7dMVFDgs7Q,2022 07 19,Intro to aggregates in T-SQL
GuyInACube,https://www.youtube.com/watch?v=3_vWXYZk1TM,2022 07 16,"REPLAY Power BI tips from the Pros - LIVE (July 16, 2022) (Member Chat 2nd Half)"
GuyInACube,https://www.youtube.com/watch?v=vTEaSRyVPxI,2022 07 14,Is it a KNOWN ISSUE in Power BI?
GuyInACube,https://www.youtube.com/watch?v=XA5twJ2wLd0,2022 07 13,Select All items for Parameters in Power BI Paginated reports
GuyInACube,https://www.youtube.com/watch?v=ukVlPeQ-yNc,2022 07 07,How I learn things
GuyInACube,https://www.youtube.com/watch?v=XE_58akjXEc,2022 07 02,"REPLAY Power BI tips from the Pros - LIVE (July 2, 2022)"
GuyInACube,https://www.youtube.com/watch?v=ZEcQ13TaIWA,2022 06 28,What&#39;s up with the different JOINS in Azure SQL and Azure Synapse?
GuyInACube,https://www.youtube.com/watch?v=IhQVOS34QKA,2022 06 23,Why can&#39;t Power BI connect to my cloud source???
GuyInACube,https://www.youtube.com/watch?v=Wvqx4I2cMrM,2022 06 22,From Decomposition Tree to Details in Power BI!!!
GuyInACube,https://www.youtube.com/watch?v=zQnyy2-58Ns,2022 06 21,Modern Data Lakehouse? Where do you even start??? Azure Synapse of course!
GuyInACube,https://www.youtube.com/watch?v=x1xMxRXQ2So,2022 06 16,Publish from Power BI Desktop for External Users
GuyInACube,https://www.youtube.com/watch?v=67WrcH4pFnI,2022 06 15,What tool do you use to optimize your Power BI dataset?
GuyInACube,https://www.youtube.com/watch?v=iBwmMklI2Ac,2022 06 14,What are the main tools for Azure Synapse and SQL???
GuyInACube,https://www.youtube.com/watch?v=Vp9BQUXyJjY,2022 06 11,"REPLAY Power BI tips from the Pros - LIVE (June 11, 2022)"
GuyInACube,https://www.youtube.com/watch?v=_EDxNDuF9uE,2022 06 04,"REPLAY Power BI tips from the Pros - LIVE (June 4, 2022)"
GuyInACube,https://www.youtube.com/watch?v=o2EFbdRZOAU,2022 06 02,Answering your datamart questions
GuyInACube,https://www.youtube.com/watch?v=-ZAPAk_ANbk,2022 06 01,Power BI dataflows vs datamarts: What&#39;s the difference???
GuyInACube,https://www.youtube.com/watch?v=Q_fKhmwRifo,2022 05 31,Writing your first SQL Statement!
GuyInACube,https://www.youtube.com/watch?v=UzDfhse9vBI,2022 05 28,"REPLAY Power BI tips from the Pros - LIVE (May 28, 2022)"
GuyInACube,https://www.youtube.com/watch?v=LKzIkr1NaOM,2022 05 26,Reduce the queries being sent with Incremental Refresh in Power BI!
GuyInACube,https://www.youtube.com/watch?v=ZJzCkxv5wxg,2022 05 25,Exploring the preview of datamart in Power BI!
GuyInACube,https://www.youtube.com/watch?v=tWFAxOI7CF0,2022 05 24,Getting started with Azure Synapse Analytics
GuyInACube,https://www.youtube.com/watch?v=L18HEAnBqTo,2022 05 19,A new way to manage gateways in Power BI!!!
GuyInACube,https://www.youtube.com/watch?v=8M2VIPLdF3A,2022 05 18,Another 30-Day Query Folding challenge!!!
GuyInACube,https://www.youtube.com/watch?v=dRaLicocQuI,2022 05 17,Are you following best practices with Azure Synapse Analytics?
GuyInACube,https://www.youtube.com/watch?v=0duJpevXlaA,2022 05 14,"REPLAY Power BI tips from the Pros - LIVE (May 14, 2022)"
GuyInACube,https://www.youtube.com/watch?v=Sy-k8DhHPks,2022 05 12,How do you share your Power BI Dataset for someone to review?
GuyInACube,https://www.youtube.com/watch?v=lTkWAfrMwOg,2022 05 11,Why isn&#39;t my Agg hitting when using DISTINCTCOUNT in Power BI???
GuyInACube,https://www.youtube.com/watch?v=-e3jNYl9AJ4,2022 05 10,How to make SQL Pools even faster in Azure Synapse Analytics
GuyInACube,https://www.youtube.com/watch?v=utz9NQZyZ1A,2022 05 07,"REPLAY Power BI tips from the Pros - LIVE (May 7, 2022)"
GuyInACube,https://www.youtube.com/watch?v=aJHhQsNiOiw,2022 05 05,EFFICIENT approach in Microsoft Teams for Power BI questions!
GuyInACube,https://www.youtube.com/watch?v=CYSMZxaXNLk,2022 05 04,My Excel file is in the cloud! Why isn&#39;t refresh working in Power BI???
GuyInACube,https://www.youtube.com/watch?v=WbDqeNsmoL4,2022 05 03,Why you should look at Azure Synapse Analytics!
GuyInACube,https://www.youtube.com/watch?v=ZYO7wGKVM0Y,2022 04 27,Row-Level Security and Object-Level Security together in Power BI??? Yup!
GuyInACube,https://www.youtube.com/watch?v=JHq5mHPP8-A,2022 04 23,"REPLAY Power BI tips from the Pros - LIVE (April 23, 2022)"
GuyInACube,https://www.youtube.com/watch?v=BSmmNgO_EOU,2022 04 20,Blown AWAY by Column From Examples in Power Query
GuyInACube,https://www.youtube.com/watch?v=KRgz1UVgQ80,2022 04 16,"REPLAY Power BI tips from the Pros - LIVE (April 16, 2022)"
GuyInACube,https://www.youtube.com/watch?v=WybnTHDl-AM,2022 04 14,How to get a DATE TABLE easily in Power BI
GuyInACube,https://www.youtube.com/watch?v=RbMFQNthlGM,2022 04 13,Are you backing up your Power BI Dataset???
GuyInACube,https://www.youtube.com/watch?v=_p5GcjYMHq0,2022 04 09,"REPLAY Power BI tips from the Pros - LIVE (April 9, 2022)"
GuyInACube,https://www.youtube.com/watch?v=sXn-QZqLD-8,2022 04 07,Nothing selected in Power BI Slicer? Then don&#39;t show data!
GuyInACube,https://www.youtube.com/watch?v=-jvnjx-264c,2022 04 06,Composite models in Power BI and Storage modes - what to pick???
GuyInACube,https://www.youtube.com/watch?v=ISacusJ1Dss,2022 03 31,Use this Power BI feature to display custom message or titles
GuyInACube,https://www.youtube.com/watch?v=zdJyOQP8jXw,2022 03 26,"REPLAY Power BI tips from the Pros - LIVE (Mar 26, 2022)"
GuyInACube,https://www.youtube.com/watch?v=q5nxFcvrnqw,2022 03 24,Who doesn&#39;t like FREE Power BI training??? (2022)
GuyInACube,https://www.youtube.com/watch?v=twsuBaiPaCk,2022 03 23,Can Patrick handle the challenge???
GuyInACube,https://www.youtube.com/watch?v=hv8U_z-y-1s,2022 03 19,"REPLAY Power BI tips from the Pros - LIVE (Mar 19, 2022)"
GuyInACube,https://www.youtube.com/watch?v=gyOKFSVYEew,2022 03 17,Some tips for your data labels in Power BI
GuyInACube,https://www.youtube.com/watch?v=t6_uRHLWiMQ,2022 03 16,"So, we just wait???"
GuyInACube,https://www.youtube.com/watch?v=L-wqwzj0-Xo,2022 03 10,Revisiting a Power BI solution with Dynamic M Parameters
GuyInACube,https://www.youtube.com/watch?v=LTHTuX8TZZw,2022 03 09,Oops! Forgot to show this...
GuyInACube,https://www.youtube.com/watch?v=z0KJlEJ1Flc,2022 03 05,"REPLAY Power BI tips from the Pros - LIVE w/ Marco Russo (Mar 5, 2022)"
GuyInACube,https://www.youtube.com/watch?v=hDf6nrKdtbI,2022 03 03,Dealing with orphaned Power BI workspaces
GuyInACube,https://www.youtube.com/watch?v=1GvVCHeqJz4,2022 03 02,Create Hybrid Tables with Tabular Editor for Power BI? YES!!!
GuyInACube,https://www.youtube.com/watch?v=1XavbySOeuc,2022 02 26,"REPLAY Power BI tips from the Pros - LIVE (Feb 26, 2022)"
GuyInACube,https://www.youtube.com/watch?v=vjcWToSAlZ8,2022 02 23,Make your Power BI mobile reports POP
GuyInACube,https://www.youtube.com/watch?v=1XMV_JKcwgw,2022 02 19,"REPLAY Power BI tips from the Pros - LIVE (Feb 19, 2022)"
GuyInACube,https://www.youtube.com/watch?v=ipdMRPdXcWA,2022 02 17,Do we need more Power BI Premium Capacity?
GuyInACube,https://www.youtube.com/watch?v=EowHdhy-Nio,2022 02 16,A little trick for SharePoint Online Images in Power BI
GuyInACube,https://www.youtube.com/watch?v=RcJP_nDQaSE,2022 02 10,How to get Secure Images in Power BI Reports
GuyInACube,https://www.youtube.com/watch?v=1yJnmZRTNZg,2022 02 09,How do I get my Excel users to use Power BI???
GuyInACube,https://www.youtube.com/watch?v=YU1VjMEOw9Y,2022 02 03,Is a parameter filtered in Power BI Paginated Reports???
GuyInACube,https://www.youtube.com/watch?v=v79MjJZoIZg,2022 01 27,Create a date range parameter with Power BI Paginated Reports
GuyInACube,https://www.youtube.com/watch?v=EZifdFfjTNg,2022 01 26,How Parameters work with the Power BI Paginated Visual
GuyInACube,https://www.youtube.com/watch?v=lopTsclrpHI,2022 01 20,How we optimize Power Query and Power BI Dataflows
GuyInACube,https://www.youtube.com/watch?v=ao9IJWcwPps,2022 01 19,Power BI Premium Gen2 updates (January 2022)
GuyInACube,https://www.youtube.com/watch?v=HckuKYlx8kk,2022 01 13,Combining refresh and real time with Hybrid Tables in Power BI
GuyInACube,https://www.youtube.com/watch?v=NkRVaRUVO7s,2022 01 12,Add a little info to your Sparkline in Power BI
GuyInACube,https://www.youtube.com/watch?v=ILu0xh3fHvQ,2022 01 05,Exploring Streaming Dataflows in Power BI
GuyInACube,https://www.youtube.com/watch?v=MttvudnaBD0,2021 12 30,Another Power BI optimization tool - Report Analyzer
GuyInACube,https://www.youtube.com/watch?v=li0c6R6UpCw,2021 12 29,To Pivot or Unpivot? That is the question!
GuyInACube,https://www.youtube.com/watch?v=BmAuABIwhc0,2021 12 23,Making sense of the Power BI Premium Gen2 Metrics App
GuyInACube,https://www.youtube.com/watch?v=gwAi8EmjDio,2021 12 22,No Calendar Table? How to add Fiscal Month and Sort in Power BI?
GuyInACube,https://www.youtube.com/watch?v=c1S-8rl7t1Q,2021 12 16,Dataverse + Power BI: What you didn&#39;t even know you needed!
GuyInACube,https://www.youtube.com/watch?v=2hoYFQ_IjPk,2021 12 15,Avoid Parameter Error when refreshing a Power BI partition
GuyInACube,https://www.youtube.com/watch?v=OONgT-DjmY0,2021 12 09,Are you using the right Dataflows connector in Power BI???
GuyInACube,https://www.youtube.com/watch?v=IdXK470YwAQ,2021 12 08,Use Bookmark Navigator in Power BI to easily move through Bookmarks
GuyInACube,https://www.youtube.com/watch?v=YBTQ3CFstzs,2021 12 02,Call any Power BI REST API with PowerShell
GuyInACube,https://www.youtube.com/watch?v=4TxEvFmE44Q,2021 12 01,Use Page Navigator to go to the NEXT LEVEL in Power BI
GuyInACube,https://www.youtube.com/watch?v=VC9XoDaAE-Y,2021 11 25,Personal Gateway governance in Power BI
GuyInACube,https://www.youtube.com/watch?v=jcxJzh1TYWg,2021 11 24,Do you want DYNAMIC legends in Power BI??? Of course you do...
GuyInACube,https://www.youtube.com/watch?v=lg3Un1X1yuQ,2021 11 18,Custom Visual governance in Power BI
GuyInACube,https://www.youtube.com/watch?v=icCGFG6KpIA,2021 11 17,Configure Incremental Refresh with Tabular Editor
GuyInACube,https://www.youtube.com/watch?v=Z-J4n9uymQ0,2021 11 11,Review Performance Analyzer in this Power BI Report from Smart Power BI
GuyInACube,https://www.youtube.com/watch?v=eaOciHyL6kY,2021 11 10,Flexibility with Days Since calculations in Power BI
GuyInACube,https://www.youtube.com/watch?v=M_nS1Liey-w,2021 11 04,Page intentionally left blank
GuyInACube,https://www.youtube.com/watch?v=JZ0FwDr9SXU,2021 11 03,Create a Popup Window in Power BI
GuyInACube,https://www.youtube.com/watch?v=SK0qSx3vY_k,2021 10 28,The Power BI Premium video you need to watch… probably (Oct 2021)
GuyInACube,https://www.youtube.com/watch?v=ZGQE1WZtD5M,2021 10 27,What&#39;s this Power BI report filtered by???
GuyInACube,https://www.youtube.com/watch?v=lxbO6gjJqe0,2021 10 20,Highlight a row in a Power BI Paginated report
GuyInACube,https://www.youtube.com/watch?v=z8xXDPkpljw,2021 10 14,When optimizing Power BI don&#39;t forgot about CPU
GuyInACube,https://www.youtube.com/watch?v=rvCAPoy2TXs,2021 10 13,RLS with TWO Fact tables in Power BI
GuyInACube,https://www.youtube.com/watch?v=1dRhH-EO-rI,2021 10 07,What are Power BI data connectors and why should you care?
GuyInACube,https://www.youtube.com/watch?v=ujhCadWe2YI,2021 10 06,How to show 5 minute intervals in Power BI?
GuyInACube,https://www.youtube.com/watch?v=OnE-Ty9P2PI,2021 09 30,Power Query! Uggg - Where do you start? | Power BI
GuyInACube,https://www.youtube.com/watch?v=eqO4wFZQOPc,2021 09 29,Finding the lowest value and highlighting in DAX | Power BI
GuyInACube,https://www.youtube.com/watch?v=3gpXMMRJjw8,2021 09 23,DAX! Uggg - Where do you start? | Power BI
GuyInACube,https://www.youtube.com/watch?v=_j0iTUo2HT0,2021 09 22,One Click Calculation Group in Power BI
GuyInACube,https://www.youtube.com/watch?v=etyVYsAcH6I,2021 09 15,How to show a name more than once in Power BI
GuyInACube,https://www.youtube.com/watch?v=YEIKzeNCqGg,2021 09 09,Power BI XMLA Endpoint: Why you should care
GuyInACube,https://www.youtube.com/watch?v=SmczqYv_rfY,2021 09 08,When is a date not a date in Power BI?
GuyInACube,https://www.youtube.com/watch?v=R3Eqk1ZRUOY,2021 09 02,Case of the SLOW Power BI report: Hierarchies and RLS
GuyInACube,https://www.youtube.com/watch?v=phlaZn54Mio,2021 09 01,CRUSHING requirements with Small Multiples in Power BI
GuyInACube,https://www.youtube.com/watch?v=0iLSyCel6yw,2021 08 26,5 Guy in a Cube tips to make BETTER VIDEO!
GuyInACube,https://www.youtube.com/watch?v=2HYl3V5ak1U,2021 08 25,5 tips to LEVEL UP your public speaking or presentation skills
GuyInACube,https://www.youtube.com/watch?v=uKSkMDEGM2I,2021 08 19,3 signs it&#39;s time to OPTIMIZE your Power BI report
GuyInACube,https://www.youtube.com/watch?v=OYYnoMa-93g,2021 08 18,Can you refresh a single table in Power BI?
GuyInACube,https://www.youtube.com/watch?v=lfP6ygindSU,2021 08 12,Refresh your data in Power BI WITHOUT a user???
GuyInACube,https://www.youtube.com/watch?v=ZkL2jo3b_5M,2021 08 11,Exploring the Visio visual in Power BI
GuyInACube,https://www.youtube.com/watch?v=52remtERZ6o,2021 08 05,Fix my Calculation Group in Power BI
GuyInACube,https://www.youtube.com/watch?v=5Fcf8eXRq2E,2021 08 04,Bringing Paginated into Power BI reports - INSANE AMAZING!
GuyInACube,https://www.youtube.com/watch?v=nRm-yQrh-ZA,2021 07 29,Measuring RLS Performance in Power BI
GuyInACube,https://www.youtube.com/watch?v=ZaZyR3-1ru4,2021 07 28,Smart Narratives and Conditional Formatting in Power BI? Yes please!
GuyInACube,https://www.youtube.com/watch?v=ymP0TvIKFKE,2021 07 22,Looking into the future of Power BI (2021)
GuyInACube,https://www.youtube.com/watch?v=NomSliJK3s4,2021 07 21,Intro to R with Power BI
GuyInACube,https://www.youtube.com/watch?v=_On_aX8DbJw,2021 07 15,Make your Power BI Visual POP with this column header trick
GuyInACube,https://www.youtube.com/watch?v=T0dsCUeCFjg,2021 07 14,Exploring the Power Automate Visual in Power BI | Sending emails
GuyInACube,https://www.youtube.com/watch?v=D1LO8syugMA,2021 07 08,Create Buckets or Groups with Power Query in Power BI
GuyInACube,https://www.youtube.com/watch?v=HGpfwpjlMro,2021 07 01,Tracing with Log Analytics and Power BI
GuyInACube,https://www.youtube.com/watch?v=3_DOF_qjguA,2021 06 30,Intro to Python in Power BI
GuyInACube,https://www.youtube.com/watch?v=x7q1DHf8wE4,2021 06 24,Natives Queries or ODBC with Incremental Refresh in Power BI
GuyInACube,https://www.youtube.com/watch?v=aKNVLXSHRNY,2021 06 23,Digging into Modern Tooltips with Power BI
GuyInACube,https://www.youtube.com/watch?v=Ijs61r_cUYU,2021 06 16,Unboxing Tabular Editor 3 | Reaction Video
GuyInACube,https://www.youtube.com/watch?v=B3WK5RdOY54,2021 06 12,"REPLAY Tabular Editor 3 &amp; Power BI Q&amp;A - LIVE w/ Daniel Otykier &amp; Marco Russo (June 12, 2021)"
GuyInACube,https://www.youtube.com/watch?v=P0_5v2WIGcA,2021 06 10,Tracing your DAX queries in Power BI
GuyInACube,https://www.youtube.com/watch?v=1yv5srlqgmI,2021 06 09,Do&#39;s and Don&#39;t with cascading slicers in Power BI
GuyInACube,https://www.youtube.com/watch?v=dYmzb5UMkXw,2021 05 27,3+ approaches for Dynamic Axis in Power BI
GuyInACube,https://www.youtube.com/watch?v=Hl8DyrVdV6o,2021 05 26,Exploring ANOMALY detection in Power BI and a SNEAK PEAK
GuyInACube,https://www.youtube.com/watch?v=D9dm0-cp1_s,2021 05 20,My CHECKLIST for troubleshooting Power BI Performance
GuyInACube,https://www.youtube.com/watch?v=8Nt6sHJE_RE,2021 05 19,A TWIST on dynamically filtering visuals by a slicer in Power BI
GuyInACube,https://www.youtube.com/watch?v=G4YND7H2vwM,2021 05 13,Tools to take Power BI to the NEXT LEVEL
GuyInACube,https://www.youtube.com/watch?v=YCs2_NLYlOc,2021 05 12,Test your Power BI DAX measures in DAX Studio
GuyInACube,https://www.youtube.com/watch?v=8hjdOCni_ZY,2021 05 06,Enable QUERY FOLDING for native queries in Power Query / Power BI
GuyInACube,https://www.youtube.com/watch?v=UgqVSEoj4BM,2021 05 05,Avoid Left Outer Joins with DirectQuery in Power BI
GuyInACube,https://www.youtube.com/watch?v=fCGd5qID-dY,2021 04 29,Source Control with Power BI - Can it be done?
GuyInACube,https://www.youtube.com/watch?v=NkiUC-jR67s,2021 04 28,Report BURSTING with the Power Platform
GuyInACube,https://www.youtube.com/watch?v=emKSMFBusfM,2021 04 22,Best kept SECRET in Power BI??? You tell us!
GuyInACube,https://www.youtube.com/watch?v=iq-SAaWkycM,2021 04 21,WHAT IF Power BI could dynamically highlight top or bottom values?
GuyInACube,https://www.youtube.com/watch?v=r46kUh40SN8,2021 04 15,The BANANAS approach to use Power BI Bookmarks to swap tooltips
GuyInACube,https://www.youtube.com/watch?v=xCMqWEvSkAs,2021 04 14,Mastering Power BI Bookmarks
GuyInACube,https://www.youtube.com/watch?v=S7Fh2l-4jlc,2021 04 08,Power BI for the NON-TECHnical person
GuyInACube,https://www.youtube.com/watch?v=GDzjymo-cQw,2021 04 07,Exploring the Power BI Model View
GuyInACube,https://www.youtube.com/watch?v=GnPuU3X74SY,2021 04 01,Swap Power BI Visuals to add FLEXIBILITY in your reports
GuyInACube,https://www.youtube.com/watch?v=91D1WrNrHtY,2021 03 31,Why is Power BI SLOW
GuyInACube,https://www.youtube.com/watch?v=yYr_SlG8bpw,2021 03 25,Help your Power BI report users with an Information Panel
GuyInACube,https://www.youtube.com/watch?v=qZOEDBedATA,2021 03 24,3 ways to REDUCE DATA In Power BI Desktop (No Premium needed!)
GuyInACube,https://www.youtube.com/watch?v=k9LGRfREuIk,2021 03 18,5 IDEAS to take Power BI reports to the NEXT LEVEL
GuyInACube,https://www.youtube.com/watch?v=XBFVDedwLiY,2021 03 17,Using Microsoft Forms data with Power BI
GuyInACube,https://www.youtube.com/watch?v=hbJA6EYHq1Y,2021 03 10,TAME the the beast that is DAX in Power BI (aka how to learn DAX)
GuyInACube,https://www.youtube.com/watch?v=TAsUb93r2tg,2021 03 04,Using Power BI reports from an end user perspective (2021)
GuyInACube,https://www.youtube.com/watch?v=0eYc-_KKTDs,2021 03 03,Ever wanted a NOTIFICATION in your Power BI Reports?
GuyInACube,https://www.youtube.com/watch?v=XIq5vN5oPf8,2021 02 25,INSANE AMAZING Power Query tip to quickly change data sources in Power BI and Excel
GuyInACube,https://www.youtube.com/watch?v=vZndrBBPiQc,2021 02 24,Why Power BI loves a Star Schema
GuyInACube,https://www.youtube.com/watch?v=1Qan0_VmZRw,2021 02 18,Best Practice Analyzer in Tabular Editor for your Power BI Dataset
GuyInACube,https://www.youtube.com/watch?v=tKeaQpWynzg,2021 02 17,Working with Slowly Changing Dimensions in Power BI
GuyInACube,https://www.youtube.com/watch?v=cZsQj1WFkGE,2021 02 11,Power BI for report consumers and end users (2021)
GuyInACube,https://www.youtube.com/watch?v=TnyRsO4NJPc,2021 02 10,Handling MULTIPLE fact tables in Power BI
GuyInACube,https://www.youtube.com/watch?v=lFu1JBPJM1c,2021 02 04,New Contoso Sample app for Power BI Embedded
GuyInACube,https://www.youtube.com/watch?v=NA2wlqfjX34,2021 02 03,Power BI slicers vs the filter pane (2021)
GuyInACube,https://www.youtube.com/watch?v=-ip7mKUdwRg,2021 01 28,Power BI Get Data: Import vs. DirectQuery vs. Live (2021)
GuyInACube,https://www.youtube.com/watch?v=5AWt6ijJG94,2021 01 27,Avoid the full refresh with Incremental Refresh in Power BI (Premium)
GuyInACube,https://www.youtube.com/watch?v=B_bAKrXAUh0,2021 01 21,Create your first Power BI report (2021)
GuyInACube,https://www.youtube.com/watch?v=Z0U9UL9ORh8,2021 01 20,Do I need to be an expert in Power Query M?
GuyInACube,https://www.youtube.com/watch?v=6XxCsc1j9U4,2021 01 18,"All about DAX and data modeling in Power BI... (Roundup | Jan 18, 2021)"
GuyInACube,https://www.youtube.com/watch?v=Vqz2d7pTOV8,2021 01 14,What is Power BI? (2021)
GuyInACube,https://www.youtube.com/watch?v=XSIbRNXGgPQ,2021 01 13,Getting started with Power BI Paginated Reports (2021)
GuyInACube,https://www.youtube.com/watch?v=1u6webYD-pc,2021 01 11,"Power BI XMLA endpoint, End-to-End diagram, Dataflows and more... (Roundup | Jan 11, 2021)"
GuyInACube,https://www.youtube.com/watch?v=_VaBzheAgxY,2021 01 06,Migrate your Paginated reports to Power BI
GuyInACube,https://www.youtube.com/watch?v=j8krcevfYTo,2021 01 04,"A look back and what is to come for Power BI and Guy in a Cube (Roundup | Jan 4, 2021)"
HowToPowerBI,https://www.youtube.com/watch?v=W_oW68T98IE,2024 02 28,1 Trick for Endless Power BI Charts!
HowToPowerBI,https://www.youtube.com/watch?v=ZWooHoshXv4,2024 02 21,DAX REVOLUTION!? Visual Calculations in Power BI
HowToPowerBI,https://www.youtube.com/watch?v=VvQVmxXT86s,2024 01 29,5 Design Mistakes to Avoid in Power BI
HowToPowerBI,https://www.youtube.com/watch?v=vyHRHTN47ik,2024 01 26,Power BI Quick Report Makeover  #shorts #powerbi #design
HowToPowerBI,https://www.youtube.com/watch?v=hvY6SJrq3Ys,2024 01 24,3 Hacks to Work Faster in Power BI
HowToPowerBI,https://www.youtube.com/watch?v=mWPmKKgLFGw,2024 01 15,Power BI Report Makeover | Free Download  #shorts #powerbi #design
HowToPowerBI,https://www.youtube.com/watch?v=NcoMymAekhE,2024 01 11,Power BI Report Makeover | Combining All New Visualization Features
HowToPowerBI,https://www.youtube.com/watch?v=KNdW82cD0AY,2024 01 05,Power BI Report Design... work in progress #shorts #powerbi
HowToPowerBI,https://www.youtube.com/watch?v=ZOOdmUCO3m8,2024 01 03,3 Ways to use Calculation Groups You Need to Know
HowToPowerBI,https://www.youtube.com/watch?v=CEUnx79r4N4,2024 01 02,Power BI Report Makeover #shorts #powerbi #design
HowToPowerBI,https://www.youtube.com/watch?v=9ZNgyxt4Tb8,2023 12 25,Power BI Report Makeover #shorts #powerbi #design
HowToPowerBI,https://www.youtube.com/watch?v=6AXKEd-AhJk,2023 12 14,YES it is Possible! Build a Native Dumbbell Chart in Power BI
HowToPowerBI,https://www.youtube.com/watch?v=wLqzSANQKHU,2023 12 10,Interquartile range in a box plot #powerbi #short
HowToPowerBI,https://www.youtube.com/watch?v=ByoWRZMS0OA,2023 11 30,BOX PLOT.... what?! When and why is it useful? #powerbi #datatraining
HowToPowerBI,https://www.youtube.com/watch?v=5sQhmLDfhJk,2023 11 22,Calculations groups in Power BI | EXAMPLE #shorts #powerbi
HowToPowerBI,https://www.youtube.com/watch?v=Lp9d7vcHr0E,2023 11 15,Trend Visualization in Power BI
HowToPowerBI,https://www.youtube.com/watch?v=TVTxs_nEZPE,2023 11 03,Color INDICATORS in Power BI I ADD Formatting Options #shorts #powerbi
HowToPowerBI,https://www.youtube.com/watch?v=nxvapCD2DoU,2023 11 01,Visualizing Status Tracking Data in Power BI
HowToPowerBI,https://www.youtube.com/watch?v=QOcP5OvSwlI,2023 10 25,Building SVG Charts in Power BI
HowToPowerBI,https://www.youtube.com/watch?v=AXyVldDPgKU,2023 10 23,Improve UI with Animated ARROWS for Power BI Report #shorts #powerbi
HowToPowerBI,https://www.youtube.com/watch?v=MbPmCr4tfvk,2023 09 20,The ART of Subtle ANIMATION in Power BI
HowToPowerBI,https://www.youtube.com/watch?v=e2CLS37OYiM,2023 09 19,IN-BETWEEN custom LABLES in a BAR CHART #shorts #powerbi
HowToPowerBI,https://www.youtube.com/watch?v=TiS6vnju_mI,2023 09 13,UX Revolution with Visual Level PAGINATION in Power BI
HowToPowerBI,https://www.youtube.com/watch?v=NqlgTXCfqSs,2023 08 22,Automatically select KPIs based on the USER | Mastering UX in Power BI Report Design
HowToPowerBI,https://www.youtube.com/watch?v=UOATfz00WYg,2023 08 21,Avoid this mistake when working with PERCENTAGES | Weighted Average #analytics   #shorts
HowToPowerBI,https://www.youtube.com/watch?v=vvqnRo4OdkY,2023 08 18,"DAX Basics: Calculated Column, MEASURES &amp; Iterators |  Power BI Part 4 #PowerBI #dax #shorts"
HowToPowerBI,https://www.youtube.com/watch?v=4N6jOympJRU,2023 08 11,DAX Basics:  CONTEXT Transition |  Power BI Part 2 #PowerBI #design #shorts
HowToPowerBI,https://www.youtube.com/watch?v=1t7mXIQIMe4,2023 08 09,DAX Basics: Filter CONTEXT &amp; Calculate |  Power BI Part 1 #PowerBI #design #shorts
HowToPowerBI,https://www.youtube.com/watch?v=vyU1Y8_FFdY,2023 07 28,Create a UNIQUE Slicer | NEW CARD Visual + SLICER in Power BI #PowerBI #design #shorts
HowToPowerBI,https://www.youtube.com/watch?v=bFBKm7uSw4U,2023 07 24,QUICK Power BI REPORT Background DESIGN  #PowerBI #design #shorts
HowToPowerBI,https://www.youtube.com/watch?v=e2CLS37OYiM,2023 09 19,IN-BETWEEN custom LABLES in a BAR CHART #shorts #powerbi
HowToPowerBI,https://www.youtube.com/watch?v=vfKxcGmw1sE,2023 09 17,Get MORE out of Your BAR CHARTS in Power BI
HowToPowerBI,https://www.youtube.com/watch?v=TiS6vnju_mI,2023 09 13,UX Revolution with Visual Level PAGINATION in Power BI
HowToPowerBI,https://www.youtube.com/watch?v=oa0sBSJBFe0,2023 09 10,A VISUAL Every Analyst Should Know | HISTOGRAM with Dynamic BINS in Power BI
HowToPowerBI,https://www.youtube.com/watch?v=2YqwBqc8UIw,2023 09 09,Different PEOPLE = Different KPIs in Power BI #shorts
HowToPowerBI,https://www.youtube.com/watch?v=sr9IIes9jQY,2023 08 29,Training for Power BI Business Users | SNEAK PEEK!
HowToPowerBI,https://www.youtube.com/watch?v=NqlgTXCfqSs,2023 08 22,Automatically select KPIs based on the USER | Mastering UX in Power BI Report Design
HowToPowerBI,https://www.youtube.com/watch?v=UOATfz00WYg,2023 08 21,Avoid this mistake when working with PERCENTAGES | Weighted Average #analytics   #shorts
HowToPowerBI,https://www.youtube.com/watch?v=vvqnRo4OdkY,2023 08 18,"DAX Basics: Calculated Column, MEASURES &amp; Iterators |  Power BI Part 4 #PowerBI #dax #shorts"
HowToPowerBI,https://www.youtube.com/watch?v=4gzMi57puMY,2023 08 13,🔎 DAX Basics:  Demystifying Variables |  Power BI Part 3 #PowerBI #design #shorts
HowToPowerBI,https://www.youtube.com/watch?v=4N6jOympJRU,2023 08 11,DAX Basics:  CONTEXT Transition |  Power BI Part 2 #PowerBI #design #shorts
HowToPowerBI,https://www.youtube.com/watch?v=1t7mXIQIMe4,2023 08 09,DAX Basics: Filter CONTEXT &amp; Calculate |  Power BI Part 1 #PowerBI #design #shorts
HowToPowerBI,https://www.youtube.com/watch?v=uq6pjrxz0VU,2023 08 03,🔥Icon SLICER BUTTONS | Power BI Trick #PowerBI #design #shorts
HowToPowerBI,https://www.youtube.com/watch?v=vyU1Y8_FFdY,2023 07 28,Create a UNIQUE Slicer | NEW CARD Visual + SLICER in Power BI #PowerBI #design #shorts
HowToPowerBI,https://www.youtube.com/watch?v=CN7WpgdCXNI,2023 07 26,Quick Guide: FIELDS PARAMETERS in Power BI  #PowerBI #design #shorts
HowToPowerBI,https://www.youtube.com/watch?v=bFBKm7uSw4U,2023 07 24,QUICK Power BI REPORT Background DESIGN  #PowerBI #design #shorts
HowToPowerBI,https://www.youtube.com/watch?v=q8MkLFL6VW4,2023 07 20,UNLEASH Hidden INSIGHTS | Data COMPARISONS in Power BI REIMAGINED
HowToPowerBI,https://www.youtube.com/watch?v=A--_dbwG3Ok,2023 07 16,GET RID of the x-axis SCROLL BAR | Power BI Visual DESIGN Trick  #PowerBI #design #shorts
HowToPowerBI,https://www.youtube.com/watch?v=KsFVyyv0qCc,2023 07 14,Creating a TIMELINE Visual Step by Step #PowerBI #design #shorts
HowToPowerBI,https://www.youtube.com/watch?v=mxkacatPYog,2023 07 12,The ultimate HACK for a quick REPORT DESIGN | Create STUNNING Report BACKGROUNDS in Power BI
HowToPowerBI,https://www.youtube.com/watch?v=SflwgY1Xgug,2023 07 08,Fastest way to ADD ICONS to Power BI REPORT  #PowerBI #design #shorts
HowToPowerBI,https://www.youtube.com/watch?v=9NMJSBWcGfM,2023 07 06,Checkmark SLICER You Have Not Seen Before | Power BI
HowToPowerBI,https://www.youtube.com/watch?v=lZZGimCfCt4,2023 07 05,😱 OH NO! Custom LABELS do NOT SHOW | Here is how to FIX IT  #PowerBI #design #shorts
HowToPowerBI,https://www.youtube.com/watch?v=dbzp23tTe-4,2023 07 04,TIMELINE visual in Power BI: formatting MARKERS  #PowerBI #design #shorts
HowToPowerBI,https://www.youtube.com/watch?v=54pBUbVL8tU,2023 07 03,Mastering VISUAL INTERACTIONS | Report DESIGN in Power BI
HowToPowerBI,https://www.youtube.com/watch?v=ufZB3Qc9B0g,2023 07 01,💡TOGGLE between LABELS in Power BI  #PowerBI #design #shorts
HowToPowerBI,https://www.youtube.com/watch?v=yDNJayPPniE,2023 06 30,Power BI REPORT That Looks Like an APP in 1 minute #PowerBI #design #shorts
HowToPowerBI,https://www.youtube.com/watch?v=i14kI1rwGV4,2023 06 29,🎨Create a Power Point background for your Power BI report! #PowerBI #design #shorts
HowToPowerBI,https://www.youtube.com/watch?v=k-8bCvKPn48,2023 06 28,💪Close your KNOWLEDGE GAPS in Power BI | LEARN Power BI for FREE Step 4  #PowerBI #learn #shorts
HowToPowerBI,https://www.youtube.com/watch?v=sGJqhxD25C0,2023 06 27,📣 UNLOCK the Power of PRACTICE | LEARN Power BI for FREE Step 3  #PowerBI #learn #shorts
HowToPowerBI,https://www.youtube.com/watch?v=3i8DxM7asRM,2023 06 25,🧑‍🎓Power BI everywhere | LEARN Power BI for FREE Step 1  #PowerBI #learn #shorts
HowToPowerBI,https://www.youtube.com/watch?v=PnCQkJbWypI,2023 06 24,✨ AI Icons for Power BI report | PROMPTs you need to know #PowerBI #design #shorts
HowToPowerBI,https://www.youtube.com/watch?v=Fffyeya1ZUc,2023 06 23,😎 Hide APPLY ALL SLICERS button when nothing is selected #PowerBI #design #shorts
HowToPowerBI,https://www.youtube.com/watch?v=OXFQmUIQ1aQ,2023 06 22,✏️ 🤯 CLEAR ALL SLICERS | Reset button in Power BI #PowerBI #design #shorts
HowToPowerBI,https://www.youtube.com/watch?v=1-8l9sX_0SQ,2023 06 21,📊🔖 Finally CUSTOM LABELS arrived in Power BI! 🚀🌟 #PowerBI #design #shorts
HowToPowerBI,https://www.youtube.com/watch?v=1-8l9sX_0SQ,2023 06 21,📊🔖 Finally CUSTOM LABELS arrived in Power BI! 🚀🌟 #PowerBI #design #shorts
HowToPowerBI,https://www.youtube.com/watch?v=jkm7Qj-9ags,2023 06 20,📢 APPLY ALL SLICERS in Power BI | A QUICK HOW TO📊💡#PowerBI #design #shorts
HowToPowerBI,https://www.youtube.com/watch?v=ktBzP07EfQw,2023 06 18,🚀TIPS on Adding ICONS to page names in Power BI 🎨 🚀 #PowerBI #design #shorts
HowToPowerBI,https://www.youtube.com/watch?v=M8PXJ5KDlIQ,2023 06 16,📊 Quick TIPS for designing a MENU in Power BI 🎨 🚀 #PowerBI #design #shorts
HowToPowerBI,https://www.youtube.com/watch?v=cVy6rQMcmkg,2023 06 14,PUSH the limits of Power BI native VISUALS and CAPTIVATE your audience | TIMELINE chart Step-by-Step
HowToPowerBI,https://www.youtube.com/watch?v=fnMj9JFg9oA,2023 04 24,How to use AI to create INSANE Custom ICONS for any Analytical Dashboard
HowToPowerBI,https://www.youtube.com/watch?v=a3D7oXYjM9k,2023 04 20,Use DAX to Show Values in any Way You Like! Dynamic Format Strings in Power BI
HowToPowerBI,https://www.youtube.com/watch?v=0il9UPvg2Jg,2023 04 12,How I would LEARN Power BI for FREE in 2023
HowToPowerBI,https://www.youtube.com/watch?v=ifTJ-vqWO08,2023 04 03,Totals Option for Fields Parameters in Power BI #powerbi #short
HowToPowerBI,https://www.youtube.com/watch?v=CqTW9dHsGrM,2023 03 30,Add POWER to your Titles in Power BI I The ONE TRICK you need to know
HowToPowerBI,https://www.youtube.com/watch?v=or13jIVrAlg,2023 03 27,SLICER DESIGN 2.0 in Power BI I UPGRADED functionality and UX
HowToPowerBI,https://www.youtube.com/watch?v=qumRCVLjcIo,2023 03 23,SUPERCHARGE VISUALS in Power BI | Add KPIs to Titles
HowToPowerBI,https://www.youtube.com/watch?v=WSBFPQoV-ak,2023 03 17,SORT AXIS order in Power BI #powerbi #short
HowToPowerBI,https://www.youtube.com/watch?v=Ty3iMTDZAA0,2023 03 16,The ONE THING that Fields Parameters Were Always Missing
HowToPowerBI,https://www.youtube.com/watch?v=eib5X5xRlz8,2023 01 17,WINDOW Function in ACTION I Examples in Power BI
HowToPowerBI,https://www.youtube.com/watch?v=eib5X5xRlz8,2023 01 17,WINDOW Function in ACTION I Examples in Power BI
HowToPowerBI,https://www.youtube.com/watch?v=JU-cMV6rTTk,2023 01 09,Power BI Report in less than 1 MINUTE! #powerbi #short
HowToPowerBI,https://www.youtube.com/watch?v=Xr1s_iJcJfM,2023 01 07,ULTIMATE TOGGLE Button in Power BI #powerbi #shorts
HowToPowerBI,https://www.youtube.com/watch?v=6m2ZGeX-EyM,2022 12 22,I Quit! AI Will Take Over The Power BI Tutorials
HowToPowerBI,https://www.youtube.com/watch?v=6yPJsdF1_I4,2022 12 15,DYNAMIC Axis Range #powerbi #shorts
HowToPowerBI,https://www.youtube.com/watch?v=3RxPaFFLk_A,2022 12 13,ChatGPT writes my DAX I OpenAI in Power BI #powerbi #short
HowToPowerBI,https://www.youtube.com/watch?v=5QMpc5fUV2I,2022 12 11,Build a TOGGLE BUTTON Like a PRO in Power BI
HowToPowerBI,https://www.youtube.com/watch?v=RVcX5IBbmUY,2022 12 10,WRITE Your OWN Power Query M FUNCTION #powerbi #shorts
HowToPowerBI,https://www.youtube.com/watch?v=nWgPynP9XDM,2022 12 08,NEW! Dynamic Slicers with Fields Parameters | ULTIMATE EXAMPLE in Power BI
HowToPowerBI,https://www.youtube.com/watch?v=cn3I4WjWPgQ,2022 12 06,Everything about Power Query M Functions #powerbi #shorts
HowToPowerBI,https://www.youtube.com/watch?v=sJtvL9QeG64,2022 11 30,BETTER Way to Change the DATA SOURCE #powerbi #shorts
HowToPowerBI,https://www.youtube.com/watch?v=IHxey7AqMRs,2022 11 27,100% Axis CONTROL in Power BI
HowToPowerBI,https://www.youtube.com/watch?v=GaxzmTrC9Cw,2022 11 24,SMART Data LABELS #powerbi #shorts
HowToPowerBI,https://www.youtube.com/watch?v=-Ipmy_JDufs,2022 11 20,Dare to Say NO! #powerbi #shorts
HowToPowerBI,https://www.youtube.com/watch?v=kAMhh776V8w,2022 11 13,Turn Any IMAGE into an INTERACTIVE VISUAL in Power BI
HowToPowerBI,https://www.youtube.com/watch?v=42lUqqlsKVc,2022 11 12,Have You Ever Used Your Own Report?! #powerbi #shorts
HowToPowerBI,https://www.youtube.com/watch?v=tQYQLRGw3qU,2022 11 11,SMART Date Axis #power #shorts
HowToPowerBI,https://www.youtube.com/watch?v=0xaY-HekWMA,2022 11 06,Give it 24H #shorts #powerbi
HowToPowerBI,https://www.youtube.com/watch?v=FHduSU00QPI,2022 11 05,Notification BELL #powerbi #shorts
HowToPowerBI,https://www.youtube.com/watch?v=KReYWx5NXYg,2022 11 03,SMART AXIS Magic | Let Power BI Choose the OPTIMAL Period
HowToPowerBI,https://www.youtube.com/watch?v=GDYV-PSM44Q,2022 11 01,ONE AND ONLY Power BI Expert?! #powerbi #shorts
HowToPowerBI,https://www.youtube.com/watch?v=tG6VQs3zQJo,2022 10 29,OneDrive + Power BI? DO it RIGHT! #powerbi #shorts
HowToPowerBI,https://www.youtube.com/watch?v=eDEefg2YI90,2022 10 27,NEW Project? Do THIS First #powerbi #shorts
HowToPowerBI,https://www.youtube.com/watch?v=SzjSzc_BBwc,2022 10 23,Clear All SLICERS with 1 CLICK! #powerbi #shorts
HowToPowerBI,https://www.youtube.com/watch?v=5tuhw2jfmEU,2022 10 22,OMG! What did you do a year ago?! #powerbi #shorts
HowToPowerBI,https://www.youtube.com/watch?v=vV6bj5c5zY4,2022 10 21,NEW in Power BI! Quick Measure Suggestions #powerbi #shorts
HowToPowerBI,https://www.youtube.com/watch?v=6SJjzWehp8E,2022 10 20,Every Power BI Developer... #powerbi #shorts
HowToPowerBI,https://www.youtube.com/watch?v=nKoJf2dhrWM,2022 10 19,How to learn DATA analytics? #powerbi #shorts
HowToPowerBI,https://www.youtube.com/watch?v=X6Z9xNqvk_U,2022 10 18,Format Multiple Visuals at Once #powerbi #shorts
HowToPowerBI,https://www.youtube.com/watch?v=n-eocu-scl0,2022 10 16,Visual Padding  #powerbi #shorts
HowToPowerBI,https://www.youtube.com/watch?v=zJeMPMQztbo,2022 10 15,Power BI Developer Job
HowToPowerBI,https://www.youtube.com/watch?v=UW8Gu4RmBHU,2022 10 13,Create a POP-UP PANEL with Bookmarks in Power BI #powerbi #shorts
HowToPowerBI,https://www.youtube.com/watch?v=bOYkeaBfIIQ,2022 10 12,Check your NUMBERS #powerbi #shorts
HowToPowerBI,https://www.youtube.com/watch?v=v6fP8gyCLLc,2022 10 10,5 DESIGN TRICKS that Make EVERY Power BI Report Look GREAT!
HowToPowerBI,https://www.youtube.com/watch?v=lXHtrthKdqw,2022 10 09,The Fastest File Type for Power BI #powerbi #shorts
HowToPowerBI,https://www.youtube.com/watch?v=RuCN212a9lU,2022 10 07,3 Questions for EVERY Report
HowToPowerBI,https://www.youtube.com/watch?v=boWNYqlkVt4,2022 10 05,HIGHLIGHT Chosen Data Points in a Line Chart #powerbi #shorts
HowToPowerBI,https://www.youtube.com/watch?v=C3QY0DWts8w,2022 10 02,NEW OFFSET Function in DAX | Will It Change How You Write DAX?
HowToPowerBI,https://www.youtube.com/watch?v=RyEQ9n9ails,2022 09 22,Set Up Automatic KPI Trackers | Dynamic Alerts in Power BI Desktop
HowToPowerBI,https://www.youtube.com/watch?v=90S-pnZiJCc,2022 09 07,NOTIFICATIONS in Your Power BI Report
